{"cameraMode":{"drawMode":0,"name":"Shaded","section":"Shading Mode"},"sceneLighting":true,"audioPlay":false,"sceneViewState":{"m_AlwaysRefresh":false,"showFog":true,"showSkybox":true,"showFlares":true,"showImageEffects":true,"showParticleSystems":true,"showVisualEffectGraphs":true,"m_FxEnabled":true},"in2DMode":false,"pivot":{"x":-0.8223577737808228,"y":-2.0877044200897219,"z":5.808043956756592},"rotation":{"x":-0.26720622181892397,"y":0.028612734749913217,"z":-0.007937289774417878,"w":-0.9632014632225037},"size":16.696691513061525,"orthographic":false}