{"cameraMode":{"drawMode":0,"name":"Shaded","section":"Shading Mode"},"sceneLighting":true,"audioPlay":false,"sceneViewState":{"m_AlwaysRefresh":false,"showFog":true,"showSkybox":true,"showFlares":true,"showImageEffects":true,"showParticleSystems":true,"showVisualEffectGraphs":true,"m_FxEnabled":true},"in2DMode":false,"pivot":{"x":257.2536315917969,"y":227.83248901367188,"z":71.74319458007813},"rotation":{"x":-0.16897675395011903,"y":-0.01567365601658821,"z":0.0026882633101195099,"w":-0.9855115413665772},"size":372.86187744140627,"orthographic":false}